City_ID,City,Lat,Lng,Max Temp,Humidity,Cloudiness,Wind Speed,Country,Date
0,bredasdorp,-34.5322,20.0403,16.22,77,100,3.24,ZA,1704606190
1,adamstown,-25.066,-130.1015,22.48,76,100,7.1,PN,1704606190
2,iskateley,67.6803,53.1512,-16.1,95,16,3.13,RU,1704605616
3,east london,-33.0153,27.9116,20.52,83,0,5.14,ZA,1704606190
4,tiksi,71.6872,128.8694,-34.15,98,42,3.08,RU,1704606191
5,campos belos,-13.0367,-46.7717,21.06,96,99,0.7,BR,1704606191
6,port elizabeth,-33.918,25.5701,21.29,78,0,3.6,ZA,1704605606
7,jamestown,42.097,-79.2353,-1.66,100,100,0.0,US,1704606050
8,blackmans bay,-43.0167,147.3167,24.07,91,100,1.97,AU,1704606191
9,morondava,-20.2833,44.2833,29.11,70,81,1.2,MG,1704606192
10,thompson,55.7435,-97.8558,-20.91,77,100,2.57,CA,1704606192
11,gisborne,-38.6533,178.0042,17.3,59,0,3.1,NZ,1704605906
12,grytviken,-54.2811,-36.5092,3.39,89,27,5.33,GS,1704606192
13,summerside,46.3959,-63.7876,-8.81,85,77,3.09,CA,1704605992
14,tolanaro,-25.0319,46.9987,26.04,83,20,8.23,MG,1704606193
15,anna regina,7.2644,-58.5077,24.73,84,21,3.16,GY,1704606193
16,olonkinbyen,70.9221,-8.7187,-3.08,78,100,6.43,SJ,1704606193
17,lompoc,34.6391,-120.4579,11.55,88,100,7.15,US,1704606129
18,chonchi,-42.6128,-73.8092,11.73,86,93,0.69,CL,1704606194
19,sirjan,29.452,55.6814,7.8,35,0,4.23,IR,1704606194
20,margaret river,-33.95,115.0667,25.72,53,72,6.16,AU,1704606194
21,nova vicosa,-17.8919,-39.3719,24.44,94,99,3.07,BR,1704605657
22,yinchuan,38.4681,106.2731,-0.49,23,18,1.32,CN,1704606194
23,albany,42.6001,-73.9662,-1.54,89,100,1.34,US,1704606195
24,port blair,11.6667,92.75,28.51,68,56,5.8,IN,1704606008
25,puerto ayora,-0.7393,-90.3518,25.31,94,92,1.34,EC,1704606195
26,college,64.8569,-147.8028,-20.31,74,20,4.12,US,1704605973
27,udachny,66.4167,112.4,-23.71,97,100,4.81,RU,1704606195
28,ubari,26.5921,12.7805,8.43,44,0,2.83,LY,1704606196
29,edinburgh of the seven seas,-37.0676,-12.3116,15.88,72,100,2.74,SH,1704606196
30,ribeira grande,38.5167,-28.7,14.87,79,100,1.79,PT,1704606196
31,vorgashor,67.5833,63.95,-23.34,100,100,3.89,RU,1704605653
32,pamandzi,-12.7967,45.2794,29.88,74,100,1.03,YT,1704606197
33,alaghsas,17.0187,8.0168,13.94,26,80,2.57,NE,1704606197
34,constantia,44.1833,28.65,9.38,82,95,4.81,RO,1704605501
35,mount pearl,47.5166,-52.7813,-10.93,81,75,13.38,CA,1704605676
36,leava,-14.3,-178.1667,28.46,79,55,4.16,WF,1704605627
37,dalandzadgad,43.5708,104.425,-2.99,37,17,0.52,MN,1704605609
38,yurga,55.7231,84.8861,-18.38,98,91,1.65,RU,1704606198
39,iqaluit,63.7506,-68.5145,-24.15,77,0,2.57,CA,1704606198
40,vilyuchinsk,52.9306,158.4028,-13.85,74,4,4.23,RU,1704606198
41,west island,-12.1568,96.8225,29.99,79,75,5.14,CC,1704606199
42,port-aux-francais,-49.35,70.2167,6.17,82,98,6.99,TF,1704606199
43,hammerfest,70.6634,23.6821,-3.75,86,100,7.2,NO,1704606199
44,isafjordur,66.0755,-23.124,2.63,91,90,4.96,IS,1704605477
45,ushuaia,-54.8,-68.3,9.81,66,0,4.63,AR,1704606081
46,takoradi,4.8845,-1.7554,26.97,85,14,3.14,GH,1704605643
47,kodiak,57.79,-152.4072,4.73,93,100,10.8,US,1704606200
48,carutapera,-1.195,-46.02,24.18,95,100,1.46,BR,1704606200
49,la'ie,21.6477,-157.9253,24.98,92,46,1.15,US,1704606200
50,yellowknife,62.456,-114.3525,-34.28,75,0,1.54,CA,1704606002
51,tanumah,27.1,44.1333,13.33,56,0,2.19,SA,1704606201
52,fale old settlement,-9.3852,-171.2468,29.22,74,100,3.68,TK,1704606201
53,zhangjiakou,40.81,114.8794,-9.44,55,0,0.78,CN,1704606088
54,hushitai,41.9322,123.5114,-11.05,64,3,1.33,CN,1704606201
55,fort mcmurray,56.7268,-111.381,-20.23,84,100,5.14,CA,1704605648
56,lebu,-37.6167,-73.65,14.99,93,19,2.3,CL,1704606202
57,kapit,2.0167,112.9333,28.51,88,90,0.89,MY,1704606202
58,st. john's,47.5649,-52.7093,-10.47,81,75,13.38,CA,1704605926
59,anadyr,64.75,177.4833,-11.72,92,40,5.0,RU,1704606202
60,acarau,-2.8856,-40.12,26.48,81,58,4.48,BR,1704605639
61,flying fish cove,-10.4217,105.6791,27.82,89,100,4.12,CX,1704605648
62,bethel,41.3712,-73.414,1.23,86,100,5.66,US,1704606203
63,bismarck,46.8083,-100.7837,-6.09,92,100,3.09,US,1704605964
64,mto wa mbu,-3.35,35.85,23.3,79,90,1.43,TZ,1704606203
65,santa terezinha,-29.9002,-50.0904,21.64,94,43,6.15,BR,1704606204
66,rio gallegos,-51.6226,-69.2181,12.03,47,0,2.06,AR,1704606083
67,kangding,30.0513,101.9603,10.95,21,20,2.12,CN,1704605680
68,talnakh,69.4865,88.3972,-21.0,97,100,4.51,RU,1704606204
69,puerto natales,-51.7236,-72.4875,7.65,85,97,2.11,CL,1704606204
70,sao jose da coroa grande,-8.8978,-35.1478,25.58,77,12,3.57,BR,1704605635
71,waitangi,-43.9535,-176.5597,15.46,86,63,1.34,NZ,1704606205
72,la mira,18.035,-102.3266,22.13,70,21,1.76,MX,1704605634
73,bardai,11.65,7.2333,15.24,24,10,4.21,NG,1704605631
74,ilulissat,69.2167,-51.1,-8.99,73,100,3.09,GL,1704606205
75,gadzhiyevo,69.2551,33.3362,-7.73,89,99,5.7,RU,1704606205
76,kasongo,-4.45,26.6667,21.13,95,95,0.87,CD,1704606206
77,alpena,45.0617,-83.4327,-0.5,100,100,1.54,US,1704606206
78,pangody,65.85,74.4859,-21.37,95,87,3.27,RU,1704605633
79,nemuro,43.3236,145.575,0.33,69,8,5.02,JP,1704606206
80,mstera,56.3789,41.92,-26.95,99,75,2.16,RU,1704606206
81,lihue,21.9789,-159.3672,22.77,78,0,1.54,US,1704606211
82,cartagena,10.3997,-75.5144,25.79,89,0,1.54,CO,1704606211
83,quatre cocos,-20.2078,57.7625,30.05,80,96,4.95,MU,1704606211
84,port mathurin,-19.6833,63.4167,27.78,76,61,0.88,MU,1704606211
85,nogliki,51.8333,143.1667,-20.37,83,73,1.34,RU,1704606212
86,pangkalan brandan,4.0238,98.2782,25.17,92,100,2.81,ID,1704606212
87,calvinia,-31.4707,19.776,15.51,65,93,2.24,ZA,1704606212
88,myronivka,49.6601,30.9823,-4.59,79,100,7.0,UA,1704606213
89,aasiaat,68.7098,-52.8699,-10.96,84,100,1.6,GL,1704606213
90,sitka,57.0531,-135.33,-0.06,86,40,0.0,US,1704606213
91,labrador city,52.9463,-66.9114,-25.05,77,75,3.6,CA,1704606010
92,abilene,32.4487,-99.7331,4.93,74,0,4.12,US,1704606019
93,susuman,62.7833,148.1667,-37.14,99,99,0.26,RU,1704606214
94,boa vista,2.8197,-60.6733,26.99,65,0,3.09,BR,1704606214
95,mongo,12.1844,18.693,20.3,18,17,1.7,TD,1704606214
96,sechura,-5.5569,-80.8222,23.19,76,18,5.27,PE,1704606214
97,laguna,38.421,-121.4238,6.19,95,100,2.57,US,1704606214
98,chibougamau,49.9168,-74.3659,-19.21,84,100,3.09,CA,1704606120
99,badger,64.8,-147.5333,-20.36,74,0,4.12,US,1704606215
100,miranda do douro,41.4969,-6.2731,1.14,83,100,1.05,PT,1704606215
101,hermanus,-34.4187,19.2345,15.84,83,100,1.21,ZA,1704606215
102,wailua homesteads,22.0669,-159.378,22.44,78,0,1.54,US,1704606215
103,porbandar,21.6422,69.6093,22.99,43,0,4.63,IN,1704606216
104,balabac,7.9868,117.0645,25.77,90,98,8.29,PH,1704606216
105,"laikit, laikit ii (dimembe)",1.4792,124.9735,30.47,66,20,5.14,ID,1704606216
106,san luis de la loma,17.2706,-100.8939,23.85,75,50,1.78,MX,1704606216
107,renon - ritten,46.5415,11.4573,0.44,66,100,2.57,IT,1704606216
108,fort st. john,56.2499,-120.8529,-22.06,77,20,4.12,CA,1704606217
109,san antonio de pale,-1.4014,5.6325,27.06,74,69,3.4,GQ,1704605635
110,whitehorse,60.7161,-135.0538,-18.99,83,40,6.17,CA,1704606217
111,port isabel,26.0734,-97.2086,15.02,88,0,0.0,US,1704606217
112,rio grande,-32.035,-52.0986,23.3,91,76,5.42,BR,1704606218
113,kristiansund,63.1115,7.732,-3.64,80,96,3.09,NO,1704606218
114,klyuchi,52.2667,79.1667,-7.54,95,90,1.39,RU,1704605625
115,punta arenas,-53.15,-70.9167,9.06,76,0,5.66,CL,1704606026
116,port sudan,19.6175,37.2164,23.84,70,83,5.45,SD,1704606218
117,holma,9.9008,13.0567,19.05,23,9,1.33,NG,1704606219
118,pangoa,-12.1167,-73.0,19.95,97,56,0.96,PE,1704606219
119,longyearbyen,78.2186,15.6401,-16.09,72,40,4.12,SJ,1704606219
120,hamilton,39.1834,-84.5333,2.47,94,100,2.06,US,1704605997
121,jabal os saraj,35.1183,69.2378,8.05,22,79,1.73,AF,1704606219
122,katsuura,35.1333,140.3,8.96,72,65,5.72,JP,1704606219
123,kayangel,8.0823,134.7173,28.65,78,92,6.78,PW,1704606220
124,formosa,-26.1775,-58.1781,25.99,78,0,2.06,AR,1704606220
125,qandala,11.472,49.8728,24.88,58,9,2.86,SO,1704606220
126,keflavik,64.0049,-22.5624,5.95,100,75,12.86,IS,1704606220
127,cabo san lucas,22.8909,-109.9124,20.42,54,100,1.83,MX,1704605957
128,brisas de zicatela,15.8369,-97.0419,23.84,75,0,2.04,MX,1704605628
129,al badari,26.9926,31.4155,10.08,47,0,0.35,EG,1704606221
130,parnamirim,-5.9156,-35.2628,25.94,83,20,2.06,BR,1704606221
131,roma,43.2128,-75.4557,-1.62,94,100,3.6,US,1704605697
132,ca mau,9.1769,105.15,31.12,52,99,5.51,VN,1704606221
133,enewetak,11.3474,162.3373,27.06,67,56,9.14,MH,1704606222
134,nova sintra,14.8667,-24.7167,21.32,68,0,4.98,CV,1704606222
135,ta'izz,13.5,44.0,19.11,43,2,1.76,YE,1704606222
136,petropavlovsk-kamchatsky,53.0452,158.6483,-14.67,78,0,5.36,RU,1704606222
137,codrington,-38.2667,141.9667,19.08,97,100,2.95,AU,1704606222
138,invercargill,-46.4,168.35,15.57,79,78,4.47,NZ,1704606223
139,howard springs,-12.497,131.047,29.95,77,90,2.83,AU,1704606223
140,bulgan,48.8125,103.5347,-9.77,76,100,0.48,MN,1704606223
141,uturoa,-16.7333,-151.4333,26.85,78,100,5.16,PF,1704606223
142,figuig (centre),32.1089,-1.2286,5.63,45,11,1.53,MA,1704606223
143,taltal,-25.4,-70.4833,18.4,83,35,0.49,CL,1704606224
144,holualoa,19.6228,-155.9522,22.91,90,20,1.54,US,1704605989
145,namibe,-15.1961,12.1522,22.14,78,100,1.13,AO,1704606224
146,papatowai,-46.5619,169.4708,15.1,72,46,2.05,NZ,1704606224
147,utrik,11.2278,169.8474,27.21,72,52,6.89,MH,1704606224
148,nuuk,64.1835,-51.7216,-3.66,68,100,7.2,GL,1704605633
149,trindade,-16.6494,-49.4889,21.86,93,34,0.98,BR,1704606225
150,salekhard,66.53,66.6019,-25.75,95,69,1.93,RU,1704606225
151,talitsa,56.8804,60.0213,-15.7,95,100,0.37,RU,1704606225
152,kuta,-8.7233,115.1723,32.97,75,75,3.09,ID,1704606225
153,borogontsy,62.6683,131.1683,-45.5,100,74,1.18,RU,1704606226
154,cill airne,52.05,-9.5167,2.13,89,16,1.35,IE,1704606226
155,payyannur,12.1,75.2,29.06,68,59,1.16,IN,1704606226
156,pandan,14.0453,124.1694,26.18,88,100,6.53,PH,1704606226
157,georgetown,5.4112,100.3354,29.99,79,20,3.6,MY,1704606226
158,jinka,5.65,36.65,23.36,53,42,1.01,ET,1704606227
159,kijang,35.2442,129.2139,3.85,27,39,5.98,KR,1704605974
160,afaahiti,-17.75,-149.2833,26.93,76,99,3.56,PF,1704606227
161,dauphin,51.1494,-100.0502,-15.92,85,100,2.06,CA,1704606227
162,bouza,14.4229,6.0428,16.69,23,48,4.0,NE,1704606227
163,zima,53.9202,102.0442,-9.75,93,100,0.75,RU,1704606228
164,yanbu,24.0891,38.0637,20.02,73,0,1.54,SA,1704606228
165,langtang,9.1333,9.7833,20.75,20,13,3.05,NG,1704606228
166,nagqu,31.5,92.0,-6.62,24,8,3.03,CN,1704605659
167,axim,4.8699,-2.2405,26.16,87,15,2.69,GH,1704606228
168,egilsstadir,65.2653,-14.3948,-7.05,86,0,3.09,IS,1704606229
169,gizo,-8.103,156.8419,28.86,74,100,1.35,SB,1704606229
170,qaqortoq,60.7167,-46.0333,-2.46,80,90,1.46,GL,1704606229
171,montepuez,-13.1256,38.9997,22.93,94,99,1.67,MZ,1704606229
172,bontang,0.1333,117.5,29.27,71,94,4.27,ID,1704606229
173,xai-xai,-25.0519,33.6442,25.87,72,2,2.73,MZ,1704606230
174,klobuck,50.9008,18.9367,-4.64,91,100,6.49,PL,1704606230
175,san ignacio rio muerto,27.4167,-110.2333,13.7,35,0,3.88,MX,1704606230
176,arraias,-12.9288,-46.9437,20.43,96,100,0.61,BR,1704606230
177,sinabang,2.4803,96.3801,28.58,75,92,3.27,ID,1704606230
178,south hedland,-20.4089,118.5983,37.96,39,14,8.75,AU,1704606231
179,nyrob,60.733,56.7202,-25.15,97,100,2.03,RU,1704606231
180,ruthin,53.1137,-3.3178,0.8,99,8,0.38,GB,1704606231
181,remire-montjoly,4.9167,-52.2667,23.02,100,0,1.03,GF,1704605404
182,tokmok,42.8417,75.3016,9.41,56,100,1.85,KG,1704606231
183,sangsong-ni,39.1694,126.8856,-7.44,47,1,4.5,KP,1704606232
184,um jar al gharbiyya,13.8013,32.4078,21.8,32,18,5.29,SD,1704606232
185,tovarkovo,54.6762,35.9386,-21.08,92,10,2.5,RU,1704606232
186,argo,37.6333,22.7333,12.66,77,35,5.52,GR,1704606232
187,amga,60.8953,131.9608,-42.37,100,77,0.43,RU,1704606232
188,akureyri,65.6835,-18.0878,-8.04,79,0,2.06,IS,1704605635
189,bilibino,68.0546,166.4372,-37.98,100,100,0.52,RU,1704606233
190,twin falls,42.3505,-114.6445,-2.26,93,100,8.23,US,1704606233
191,manfalut,27.3104,30.97,10.14,57,0,0.45,EG,1704606233
192,kahror pakka,29.6238,71.9167,17.52,23,0,0.53,PK,1704606233
193,villa ojo de agua,-29.5,-63.6938,22.17,76,93,8.0,AR,1704606234
194,sur,22.5667,59.5289,24.14,53,0,2.88,OM,1704606234
195,avarua,-21.2078,-159.775,26.03,89,75,4.12,CK,1704606234
196,alice springs,-23.7,133.8833,40.75,20,40,7.72,AU,1704606234
197,lazaro cardenas,17.9583,-102.2,22.54,74,10,1.82,MX,1704606234
198,vorkuta,67.5,64.0,-21.18,98,100,4.96,RU,1704606235
199,rajapur,25.3833,81.15,20.26,61,0,1.08,IN,1704606235
200,polyarnyy,69.1989,33.4478,-6.89,76,95,5.93,RU,1704606235
201,gornyye klyuchi,45.25,133.5,-14.64,84,100,2.65,RU,1704606235
202,beira,-19.8436,34.8389,26.84,76,6,0.24,MZ,1704606235
203,edam,52.5122,5.0481,1.1,89,100,1.79,NL,1704606236
204,kudymkar,59.0173,54.656,-22.24,99,100,1.84,RU,1704606236
205,embarcacion,-23.209,-64.096,25.07,62,38,0.53,AR,1704606236
206,kingston,17.997,-76.7936,27.53,80,20,6.17,JM,1704606080
207,bato,13.3528,123.3677,27.46,80,100,3.31,PH,1704606237
208,willowmore,-33.2926,23.4895,18.75,58,52,1.19,ZA,1704606237
209,portland,45.5234,-122.6762,5.41,95,100,4.92,US,1704606206
210,coronel du graty,-27.6804,-60.9146,27.79,53,0,4.34,AR,1704606237
211,faya-largeau,17.9257,19.1043,16.54,20,0,5.3,TD,1704606237
212,coquimbo,-29.9533,-71.3436,16.85,82,0,1.54,CL,1704606196
213,springbok,-29.6643,17.8865,14.59,63,44,1.32,ZA,1704606238
214,luderitz,-26.6481,15.1594,20.03,63,13,7.74,NA,1704606238
215,la rinconada,37.4873,-5.9826,6.3,92,0,1.54,ES,1704606238
216,itoman,26.1247,127.6694,21.43,55,40,10.29,JP,1704606238
217,vershino-darasunskiy,52.35,115.5167,-18.22,68,100,1.49,RU,1704606238
218,berezovskiy,55.6,86.2,-14.77,96,91,1.43,RU,1704606239
219,atafu village,-8.5421,-172.5159,29.15,71,100,3.89,TK,1704606239
220,tual,-5.6667,132.75,29.12,74,98,3.16,ID,1704606239
221,poronaysk,49.2167,143.1167,-14.38,92,97,1.81,RU,1704606239
222,stanley,54.868,-1.6985,0.99,93,100,1.17,GB,1704606239
223,kohlu,29.8962,69.252,12.96,44,1,0.9,PK,1704606240
224,al mijlad,11.0333,27.7333,18.6,24,16,5.89,SD,1704606240
225,parang,7.3704,124.2697,31.45,60,100,0.98,PH,1704606240
226,timbuktu,16.7735,-3.0074,20.91,15,95,3.9,ML,1704606240
227,anloga,5.7947,0.8973,27.59,82,2,3.06,GH,1704605654
228,ancud,-41.8697,-73.8203,12.76,86,93,4.97,CL,1704606091
229,sao tome,0.3365,6.7273,26.63,78,73,2.98,ST,1704606241
230,luorong,24.4058,109.6086,16.19,81,100,2.06,CN,1704606241
231,pisco,-13.7,-76.2167,22.03,83,0,1.03,PE,1704606241
232,semey,50.4111,80.2275,-1.88,74,0,2.0,KZ,1704606242
233,ulsteinvik,62.3432,5.8487,-1.93,58,18,4.92,NO,1704606242
234,chernyshevskiy,63.0128,112.4714,-18.21,97,100,1.79,RU,1704605658
235,aykhal,66.0,111.5,-24.7,98,100,3.94,RU,1704606243
236,yelan',50.949,43.7378,-7.3,93,99,4.73,RU,1704606243
237,morehead city,34.7229,-76.726,11.67,89,44,0.89,US,1704606243
238,angaur state,6.906,134.13,28.92,75,100,7.14,PW,1704606243
239,marsh harbour,26.5412,-77.0636,24.09,86,74,8.15,BS,1704606244
240,manacapuru,-3.2997,-60.6206,23.17,95,81,2.19,BR,1704606244
241,ust-nera,64.5667,143.2,-40.87,100,100,1.76,RU,1704606244
242,hawaiian paradise park,19.5933,-154.9731,22.24,95,40,2.06,US,1704606244
243,ghat,24.9647,10.1728,11.49,35,62,1.64,LY,1704606245
244,tsiombe,-25.3,45.4833,28.81,67,53,2.0,MG,1704606245
245,carnarvon,-24.8667,113.6333,24.32,81,0,8.48,AU,1704606023
246,zunyi,27.6867,106.9072,9.36,91,99,2.31,CN,1704606245
247,bandundu,-3.3167,17.3667,23.41,92,100,1.75,CD,1704606245
248,suihua,46.6406,126.9969,-16.43,80,68,3.47,CN,1704606246
249,sydney,-33.8679,151.2073,29.87,67,75,12.35,AU,1704606081
250,sabang,5.8933,95.3214,27.02,81,56,8.97,ID,1704606246
251,vilyuysk,63.7553,121.6247,-36.67,95,54,2.68,RU,1704606246
252,asau,46.4333,26.4,1.51,76,88,1.95,RO,1704606247
253,ivdel',60.6911,60.4206,-20.86,96,100,1.7,RU,1704606247
254,san jose de las lajas,22.9614,-82.1511,23.51,96,4,3.17,CU,1704606247
255,salinopolis,-0.6136,-47.3561,24.1,93,100,1.09,BR,1704606247
256,parkville,39.3773,-76.5397,3.15,93,100,3.09,US,1704605949
257,taizhou,32.4933,119.9106,6.57,34,1,3.71,CN,1704606248
258,murud,18.3258,72.965,25.37,53,72,0.98,IN,1704606248
259,srandakan,-7.9386,110.2506,29.35,65,98,1.32,ID,1704606248
260,kodinsk,58.6881,99.1844,-10.31,90,100,4.67,RU,1704606248
261,kenai,60.5544,-151.2583,-0.48,90,100,4.12,US,1704606249
262,mersrags,57.3354,23.1246,-8.01,73,94,6.1,LV,1704606249
263,sosnovo-ozerskoye,52.5249,111.5418,-14.34,75,95,3.24,RU,1704606249
264,nabire,-3.3667,135.4833,29.01,70,44,2.46,ID,1704606250
265,san patricio,28.017,-97.5169,16.02,42,67,3.46,US,1704606250
266,illizi,26.4833,8.4667,4.89,38,3,1.18,DZ,1704606250
267,ust'-ilimsk,58.0006,102.6619,-8.09,94,100,4.47,RU,1704606250
268,shiqi,22.5168,113.3852,21.95,50,42,4.97,CN,1704606251
269,newman,37.3138,-121.0208,7.19,93,81,2.93,US,1704606251
270,pervomayskoye,43.919,46.7102,4.77,75,99,3.55,RU,1704606251
271,praia da vitoria,38.7333,-27.0667,14.31,94,40,5.15,PT,1704606254
272,saldanha,-33.0117,17.9442,18.03,87,100,8.35,ZA,1704606255
273,yuzhno-kurilsk,44.0306,145.8556,-1.46,79,84,2.09,RU,1704606255
274,el calafate,-50.3408,-72.2768,8.72,73,72,2.83,AR,1704606255
275,zlatna,46.1167,23.2167,4.88,65,100,2.27,RO,1704606256
276,morro bay,35.3658,-120.8499,11.85,94,81,7.03,US,1704606256
277,lensk,60.7253,114.9278,-14.69,94,100,2.42,RU,1704606256
278,twon-brass,4.3151,6.2418,27.46,81,72,0.9,NG,1704606256
279,les cayes,18.2,-73.75,22.59,87,19,1.59,HT,1704606257
280,luwuk,-0.9516,122.7875,29.4,79,83,0.88,ID,1704606257
281,port shepstone,-30.7414,30.455,23.46,80,100,2.52,ZA,1704606257
282,crane,31.3974,-102.3501,5.71,46,0,1.6,US,1704606257
283,usogorsk,63.4106,48.6872,-32.41,100,100,1.26,RU,1704606258
284,glace bay,46.1969,-59.957,-5.48,72,100,9.26,CA,1704606258
285,afif,23.9065,42.9172,15.59,54,92,5.76,SA,1704606258
286,suoyarvi,62.0833,32.35,-21.46,97,36,2.15,RU,1704606258
287,nikolayevsk-on-amure,53.1406,140.73,-21.87,95,68,1.34,RU,1704606258
288,margate,51.3813,1.3862,4.27,85,100,5.81,GB,1704606259
289,glendive,47.1053,-104.7125,-3.79,74,100,1.54,US,1704606259
290,ampanihy,-24.7,44.75,29.63,59,54,2.61,MG,1704606259
291,happy valley-goose bay,53.3168,-60.3315,-16.83,55,0,3.09,CA,1704606151
292,embrun,44.5639,6.4953,1.81,82,100,3.24,FR,1704606260
293,zaranj,30.9667,61.8833,11.98,38,0,1.49,AF,1704606260
294,balqash,46.8481,74.995,-6.67,100,100,5.0,KZ,1704606260
295,pirot,43.1531,22.5861,9.69,90,99,2.2,RS,1704606260
296,callao,-12.0667,-77.15,23.18,73,0,5.66,PE,1704605678
297,mpika,-11.8343,31.4529,18.64,93,100,1.26,ZM,1704606261
298,kerikeri,-35.2268,173.9474,20.11,79,17,2.48,NZ,1704606075
299,collie,-33.3667,116.15,36.17,19,92,0.68,AU,1704606261
300,kalmunai,7.4167,81.8167,28.72,73,48,2.89,LK,1704606262
301,sisimiut,66.9395,-53.6735,-10.06,84,100,1.9,GL,1704606262
302,khandyga,62.6667,135.6,-43.8,100,100,0.96,RU,1704605670
303,tura,25.5198,90.2201,22.44,37,0,2.56,IN,1704606267
304,wynyard,-41.0,145.7167,18.32,97,100,2.76,AU,1704606268
305,mount isa,-20.7333,139.5,22.87,94,40,2.57,AU,1704606268
306,port lincoln,-34.7333,135.8667,19.57,84,64,6.65,AU,1704606268
307,bodaybo,57.8506,114.1933,-19.31,97,100,0.89,RU,1704606268
308,simanggang,1.2472,111.4528,25.99,94,40,1.54,MY,1704606269
309,marrakesh,31.6315,-8.0083,7.04,65,0,2.57,MA,1704606230
310,lidzbark warminski,54.1259,20.5795,-12.45,94,86,4.07,PL,1704606269
311,castillos,-34.1667,-53.8333,19.46,98,72,2.12,UY,1704606269
312,santa ana,33.7456,-117.8678,14.78,85,75,2.06,US,1704606270
313,kideksha,56.4167,40.5167,-26.84,99,42,2.91,RU,1704606270
314,cervantes,-39.05,-67.3833,23.77,32,52,7.92,AR,1704606270
315,aberdeen,57.1437,-2.0981,3.27,92,100,3.09,GB,1704606124
316,floro,61.5996,5.0328,0.54,51,100,4.63,NO,1704606271
317,mildura,-34.2,142.15,30.6,63,87,2.63,AU,1704606271
318,trujillo,-8.116,-79.03,20.98,88,100,3.6,PE,1704606271
319,berdigestyakh,62.0989,126.6992,-41.22,100,60,1.38,RU,1704606271
320,nelson bay,-32.7167,152.15,28.03,67,66,13.86,AU,1704606241
321,naze,28.3667,129.4833,16.51,54,34,10.72,JP,1704606272
322,ebon,4.582,168.6964,28.15,80,80,8.41,MH,1704606272
323,port alfred,-33.5906,26.891,21.21,80,0,1.34,ZA,1704606272
324,hotan,37.0997,79.9269,1.94,33,63,0.43,CN,1704606272
325,north shore,-36.8,174.75,23.55,67,41,3.58,NZ,1704606273
326,rengasdengklok,-6.1592,107.2981,32.07,66,100,4.05,ID,1704606273
327,raton,36.9034,-104.4391,-5.81,92,0,3.09,US,1704606273
328,auki,-8.7676,160.7034,29.0,70,99,3.65,SB,1704606273
329,lorengau,-2.0226,147.2712,28.55,78,97,0.61,PG,1704606274
330,new norfolk,-42.7826,147.0587,23.72,88,100,1.15,AU,1704606207
331,paita,-5.0892,-81.1144,22.13,90,63,5.02,PE,1704606274
332,el triunfo,-1.9333,-79.9667,26.02,92,92,1.53,EC,1704606274
333,mtambile,-5.3833,39.7,26.77,85,81,5.23,TZ,1704606274
334,saipan,15.1355,145.701,29.39,74,40,4.63,MP,1704606275
335,korla,41.7597,86.1469,4.73,34,85,0.37,CN,1704606275
336,touros,-5.1989,-35.4608,27.58,76,54,7.19,BR,1704606275
337,ocean shores,46.9737,-124.1563,8.3,85,100,4.12,US,1704606142
338,san sebastian de la gomera,28.0916,-17.1133,19.2,82,100,1.03,ES,1704606275
339,yatou,37.15,122.3833,-2.26,53,38,7.21,CN,1704606276
340,laojunmiao,39.8333,97.7333,-1.11,18,96,1.87,CN,1704606276
341,tazovsky,67.4667,78.7,-21.51,98,22,4.8,RU,1704606276
342,conde,-7.2597,-34.9075,23.7,94,20,0.0,BR,1704606276
343,nacala,-14.5428,40.6728,26.62,94,75,2.57,MZ,1704606276
344,galle,6.0367,80.217,28.18,73,58,1.04,LK,1704606035
345,greenville,35.6127,-77.3663,8.41,96,100,2.06,US,1704606277
346,hasaki,35.7333,140.8333,11.27,54,74,4.91,JP,1704606278
347,munford,35.4492,-89.8151,4.98,94,79,0.89,US,1704606278
348,talara,-4.5772,-81.2719,22.8,86,65,7.67,PE,1704606278
349,vadso,70.0744,29.7487,-6.91,68,81,5.14,NO,1704606278
350,kez,57.8979,53.7152,-29.14,100,83,0.99,RU,1704606279
351,quzhou,28.9594,118.8686,13.86,56,3,4.67,CN,1704606184
352,damghan,36.1683,54.348,4.67,30,2,1.11,IR,1704606279
353,gulf shores,30.246,-87.7008,8.36,81,20,2.57,US,1704606279
354,road town,18.4167,-64.6167,24.05,76,2,5.82,VG,1704606279
355,midvagur,62.0511,-7.1939,1.46,80,37,0.0,FO,1704606280
356,emerald,-23.5333,148.1667,30.75,50,74,6.85,AU,1704606243
357,santanyi,39.3546,3.1291,10.66,65,0,8.59,ES,1704606280
358,leh,34.1667,77.5833,-5.87,37,0,1.32,IN,1704606280
359,igarka,67.4667,86.5833,-22.55,99,100,4.94,RU,1704606281
360,merizo village,13.2658,144.6691,29.99,85,63,6.1,GU,1704606281
361,sarapul,56.4763,53.7978,-26.16,100,100,1.98,RU,1704606281
362,rabaul,-4.1967,152.1721,29.29,73,93,4.73,PG,1704606281
363,quellon,-43.1167,-73.6167,11.14,84,62,1.43,CL,1704606281
364,colonia,50.9333,6.95,2.25,87,100,2.06,DE,1704606282
365,karkira,36.9292,6.5856,10.91,72,59,11.93,DZ,1704606282
366,mazatlan,23.2167,-106.4167,18.84,73,40,2.06,MX,1704606036
367,santiago de compostela,42.8805,-8.5457,6.77,93,20,1.03,ES,1704606282
368,ola,59.5833,151.2833,-32.7,77,5,3.15,RU,1704606282
369,swift current,50.2834,-107.8014,-8.55,92,100,5.14,CA,1704606283
370,palikir - national government center,6.9248,158.1611,30.47,62,20,7.72,FM,1704606283
371,weno,7.4515,151.8468,28.48,69,64,9.31,FM,1704606283
372,nikel,69.4128,30.222,-12.9,92,81,1.96,RU,1704606283
373,bodo,67.28,14.405,-1.79,82,100,6.69,NO,1704606283
374,ratnagiri,16.9833,73.3,30.04,43,38,2.28,IN,1704606284
375,tocache,-8.1842,-76.5125,21.92,97,95,0.37,PE,1704606284
376,tchintabaraden,15.8969,5.7985,18.51,20,85,5.56,NE,1704606284
377,timmins,48.4669,-81.3331,-13.1,85,100,3.09,CA,1704606152
378,papao,-17.75,-149.55,27.82,77,89,4.73,PF,1704606284
379,palmer,42.1584,-72.3287,0.82,84,100,4.12,US,1704606285
380,beyneu,45.3167,55.2,0.61,86,62,5.84,KZ,1704606285
381,galesong,-5.3166,119.3661,32.01,86,100,2.53,ID,1704606285
382,kismayo,-0.3582,42.5454,28.48,69,36,8.03,SO,1704606285
383,mazara del vallo,37.6641,12.588,13.97,65,51,15.32,IT,1704606285
384,strelka,58.0728,93.0344,-17.21,96,100,3.31,RU,1704606286
385,ayr,55.4627,-4.6339,-1.49,100,0,0.51,GB,1704606286
386,lillehammer,61.1146,10.4674,-15.3,92,6,2.65,NO,1704606286
387,belogradchik,43.6272,22.6836,8.87,82,100,0.83,BG,1704606286
388,minot,48.2325,-101.2963,-7.77,86,100,2.57,US,1704606180
389,selfoss,63.9331,-20.9971,0.57,83,100,4.43,IS,1704606286
390,kone,-21.0595,164.8658,28.36,69,27,0.77,NC,1704606287
391,turabah,21.2141,41.6331,18.59,47,97,6.45,SA,1704606287
392,constitucion,-35.3333,-72.4167,13.27,88,0,3.21,CL,1704606287
393,olyokminsk,60.3736,120.4264,-29.69,98,100,1.03,RU,1704606287
394,darwin,-12.4611,130.8418,29.99,75,75,5.14,AU,1704606287
395,aghstafa,41.1189,45.4539,5.77,53,8,1.41,AZ,1704606288
396,eydhafushi,5.1033,73.0708,27.88,75,45,2.72,MV,1704606288
397,al ghayzah,16.2079,52.176,25.22,23,6,7.4,YE,1704606288
398,kailua-kona,19.6406,-155.9956,24.98,89,20,1.54,US,1704606263
399,arawa,-6.2132,155.5367,28.45,85,99,2.04,PG,1704606288
400,marsa alam,25.0757,34.8918,20.73,53,0,1.92,EG,1704606289
401,kiruna,67.8557,20.2251,-6.49,79,75,5.14,SE,1704606289
402,lake city,30.1897,-82.6393,12.7,100,0,4.12,US,1704606289
403,lock haven,41.137,-77.4469,0.27,99,100,0.47,US,1704606289
404,neelankarai,12.9455,80.2575,25.03,88,75,3.6,IN,1704606289
405,al kharijah,25.4514,30.5464,15.07,47,19,1.41,EG,1704605696
406,covilha,40.286,-7.504,0.81,35,100,1.38,PT,1704606290
407,luganville,-15.5333,167.1667,28.42,85,92,0.89,VU,1704606290
408,sao paulo de olivenca,-3.3783,-68.8725,22.03,96,93,0.48,BR,1704606290
409,tshabong,-26.05,22.45,28.39,24,80,3.41,BW,1704606290
410,praia,14.9215,-23.5087,21.3,37,0,5.14,CV,1704606291
411,iwanai,42.9744,140.5089,-0.5,93,99,4.83,JP,1704606291
412,gorodets,56.6514,43.475,-26.63,98,91,3.16,RU,1704606291
413,kirakira,-10.4544,161.9205,28.4,78,100,1.0,SB,1704606291
414,yashkul',46.1711,45.3435,3.25,78,100,4.22,RU,1704606291
415,labytnangi,66.6572,66.4183,-21.26,87,65,3.58,RU,1704606292
416,avanigadda,16.0215,80.9181,27.75,63,36,4.76,IN,1704606292
417,scarborough,54.2797,-0.4044,3.42,86,87,0.45,GB,1704606282
418,palitana,21.5167,71.8333,20.62,42,0,5.76,IN,1704606292
419,tamanrasset,22.785,5.5228,6.95,26,0,2.06,DZ,1704606292
420,dudinka,69.4058,86.1778,-20.77,98,100,8.05,RU,1704606293
421,nueva gerona,21.8833,-82.8,24.4,90,0,3.33,CU,1704606293
422,vila velha,-20.3297,-40.2925,24.41,85,40,2.06,BR,1704606006
423,sarrat,18.1574,120.647,28.9,58,20,3.6,PH,1704606293
424,marquette,46.5333,-87.6335,-3.31,97,100,2.37,US,1704606293
425,magadan,59.5667,150.8,-33.04,82,7,2.53,RU,1704606294
426,kavieng,-2.5744,150.7967,28.94,75,73,3.49,PG,1704606294
427,rocha,-34.4833,-54.3333,19.14,99,83,1.49,UY,1704606146
428,tyukalinsk,55.8732,72.1967,-21.28,98,68,3.72,RU,1704606294
429,ta`u,-14.2336,-169.5144,28.6,77,53,5.14,AS,1704606295
430,hats'avan,39.4641,45.9705,-0.71,53,0,1.94,AM,1704606295
431,babu,24.4167,111.5167,20.51,65,84,1.75,CN,1704606295
432,saint-philippe,-21.3585,55.7679,27.77,75,96,4.26,RE,1704606295
433,caleta de carquin,-11.0925,-77.6267,21.18,89,100,5.55,PE,1704606299
434,bandarbeyla,9.4942,50.8122,26.05,59,33,9.54,SO,1704606300
435,buta,2.7858,24.73,22.69,42,9,0.87,CD,1704606300
436,bydgoszcz,53.1235,18.0076,-5.78,71,75,5.14,PL,1704606268
437,mount gambier,-37.8333,140.7667,23.14,81,100,1.26,AU,1704606300
438,manaure,11.7751,-72.4445,26.1,80,7,7.95,CO,1704606300
439,machico,32.7,-16.7667,21.11,90,75,6.17,PT,1704606301
440,nar'yan-mar,67.6713,53.087,-16.05,95,15,3.13,RU,1704606234
441,isola di capo rizzuto,38.96,17.0933,12.32,90,98,7.9,IT,1704606301
442,khorixas,-20.3667,14.9667,24.38,49,79,1.81,NA,1704606301
443,bechar,31.6167,-2.2167,3.18,44,16,1.03,DZ,1704606302
444,muroto-misakicho,33.2833,134.15,11.15,48,17,11.73,JP,1704606302
445,bugana,7.9992,7.5836,22.04,25,15,1.41,NG,1704606302
446,west bay,19.3667,-81.4167,26.11,87,0,1.34,KY,1704606302
447,cumana,10.4635,-64.1775,23.97,74,3,3.36,VE,1704606303
448,kili,5.6439,169.1211,27.93,76,89,9.33,MH,1704606303
449,alofi,-19.0595,-169.9187,27.94,83,49,5.66,NU,1704606303
450,harper,4.375,-7.7169,26.46,86,4,3.06,LR,1704606304
451,severo-yeniseyskiy,60.3725,93.0408,-23.57,99,61,1.79,RU,1704606304
452,phongsali,21.6833,102.1058,18.24,65,91,1.23,LA,1704606304
453,marshall,34.3834,-86.3333,6.17,92,100,4.12,US,1704606305
454,thinadhoo,0.5333,72.9333,27.61,81,99,5.99,MV,1704606305
455,mili,6.0815,171.735,27.86,80,100,9.25,MH,1704606306
456,mpulungu,-8.7623,31.1141,23.81,76,86,0.44,ZM,1704606306
457,mao,39.8885,4.2658,8.31,87,40,3.09,ES,1704606306
458,dondukovskaya,44.8819,40.3627,5.8,62,100,2.21,RU,1704606306
459,al burayqah,30.4062,19.5739,15.27,46,1,9.33,LY,1704606307
460,mayya,61.7333,130.2811,-48.16,100,67,0.78,RU,1704606307
461,toktogul,41.8708,72.9402,4.69,78,100,0.57,KG,1704606307
462,tauste,41.918,-1.2534,6.27,75,78,8.04,ES,1704606308
463,sola,-13.8833,167.55,28.34,71,76,1.21,VU,1704606018
464,diawara,15.022,-12.5437,21.29,13,0,3.6,SN,1704606308
465,alibag,18.6411,72.8792,29.04,46,25,1.11,IN,1704606309
466,broome,42.2506,-75.833,-1.0,96,100,1.34,US,1704606309
467,essaouira,31.5125,-9.77,8.72,76,99,2.06,MA,1704606310
468,minab,27.1467,57.0801,21.89,51,68,1.59,IR,1704606310
469,labuan,5.2767,115.2417,31.2,74,20,4.63,MY,1704606064
470,rongelap,11.1635,166.8941,27.25,67,92,8.03,MH,1704606310
471,howrah,22.5892,88.3103,22.0,73,2,3.6,IN,1704606311
472,horta,38.5333,-28.6333,14.45,79,100,1.79,PT,1704606311
473,yutz,49.3587,6.1892,4.5,86,100,0.45,FR,1704606311
474,long beach,33.767,-118.1892,15.18,82,20,1.79,US,1704606248
475,randudongkal,-7.0981,109.3243,27.52,79,87,2.12,ID,1704606312
476,rikaze,29.25,88.8833,1.68,13,0,0.36,CN,1704606312
477,zarate,-34.0981,-59.0286,22.8,74,5,1.83,AR,1704606054
478,arraial do cabo,-22.9661,-42.0278,23.66,86,33,1.75,BR,1704606312
479,nieuw amsterdam,5.8833,-55.0833,25.01,86,32,4.17,SR,1704606313
480,island harbour,50.724,-1.2758,3.97,87,98,3.58,GB,1704606313
481,belmonte,-15.8631,-38.8828,24.49,98,100,0.67,BR,1704606313
482,salinas,36.6777,-121.6555,11.02,78,0,3.6,US,1704606123
483,kinablangan,7.6947,126.5503,28.58,71,100,2.63,PH,1704606314
484,parauna,-16.9478,-50.4486,20.16,95,19,1.5,BR,1704606314
485,viedma,-40.8135,-62.9967,19.01,49,0,3.76,AR,1704606062
486,chunskiy,56.0815,99.6342,-5.18,96,100,4.92,RU,1704606314
487,le lavandou,43.137,6.366,8.9,50,0,6.17,FR,1704606315
488,altai,46.3722,96.2583,-6.14,72,94,2.5,MN,1704606315
489,kabalo,-6.05,26.9167,22.47,87,98,0.23,CD,1704606315
490,neyshabur,36.2133,58.7958,6.14,48,100,1.08,IR,1704606315
491,geraldton,-28.7667,114.6,31.23,42,0,7.72,AU,1704606316
492,nchelenge,-9.3451,28.734,21.84,84,100,3.36,ZM,1704606316
493,randers,56.4667,10.05,-7.99,91,6,1.87,DK,1704606316
494,kyzyl-suu,42.3414,78.0056,1.35,65,98,0.23,KG,1704606316
495,shalya,57.2471,58.7298,-12.75,95,100,1.79,RU,1704606317
496,kerema,-7.9631,145.7785,27.11,90,97,0.31,PG,1704606317
497,mogocha,53.7333,119.7667,-21.37,76,87,0.7,RU,1704606317
498,saline,34.6501,-92.6835,3.57,90,55,2.93,US,1704606318
499,dapaong,10.8639,0.205,22.68,19,22,3.06,TG,1704606318
500,i-n-salah,27.1935,2.4607,11.46,27,81,4.06,DZ,1704606318
501,mezhdurechenskiy,59.6,65.9333,-21.24,97,100,2.97,RU,1704606318
502,kuwait city,29.3697,47.9783,14.92,68,0,0.89,KW,1704606301
503,kamensk-ural'skiy,56.4185,61.9329,-14.49,96,100,3.8,RU,1704606132
504,hagere hiywet,8.9833,37.85,17.91,58,98,1.88,ET,1704606319
505,cananea,30.95,-110.3,2.45,37,0,2.28,MX,1704606319
506,taksimo,56.3444,114.8794,-23.21,79,100,0.83,RU,1704606320
507,fort meade,39.1082,-76.7432,2.93,93,75,3.6,US,1704606116
508,puerto baquerizo moreno,-0.9,-89.6,24.29,85,76,5.65,EC,1704606320
509,nieuw nickerie,5.95,-56.9833,26.29,78,36,6.75,SR,1704606321
510,brak,27.5496,14.2714,8.92,40,2,2.88,LY,1704606321
511,vila franca do campo,37.7167,-25.4333,18.27,99,100,5.52,PT,1704606321
512,mil'kovo,55.6078,37.7956,-20.32,94,20,2.57,RU,1704606321
513,panama city beach,30.1766,-85.8055,11.11,84,0,4.12,US,1704606322
514,tadine,-21.55,167.8833,26.95,76,29,5.89,NC,1704606322
515,luza,60.6308,47.2512,-25.94,97,9,2.39,RU,1704606322
516,gwadar,25.1216,62.3254,22.87,59,5,2.4,PK,1704606323
517,jining,35.405,116.5814,4.37,25,0,1.54,CN,1704606323
518,bandar seri begawan,4.9403,114.9481,31.99,79,75,4.63,BN,1704606323
519,turpan,42.9333,89.1667,2.19,42,29,1.12,CN,1704606323
520,rabo de peixe,37.8,-25.5833,17.77,99,40,6.17,PT,1704606323
521,arkhangel'sk,64.5401,40.5433,-13.94,84,40,2.0,RU,1704606324
522,meadow lakes,61.6247,-149.6011,3.39,62,100,6.69,US,1704606324
523,al jumum,21.6169,39.6981,24.95,60,24,1.27,SA,1704606325
524,usinsk,65.9939,57.5281,-28.29,100,100,2.24,RU,1704606325
525,lagoa,39.05,-27.9833,15.47,60,100,8.98,PT,1704606325
526,cidreira,-30.1811,-50.2056,21.17,96,38,3.33,BR,1704606326
527,bamboo flat,11.7,92.7167,28.81,66,66,5.4,IN,1704606326
528,savanna-la-mar,18.219,-78.1332,25.97,88,1,2.21,JM,1704606326
529,filipstad,59.7124,14.1683,-19.31,100,47,1.1,SE,1704606326
530,acoua,-12.7239,45.0582,29.95,76,23,2.54,YT,1704606326
531,korhogo,9.45,-5.6333,21.67,25,94,1.88,CI,1704606327
532,jaciara,-15.9653,-54.9683,23.69,82,27,1.29,BR,1704606056
533,lerwick,60.1545,-1.1494,6.0,77,100,8.79,GB,1704606327
534,dawei,14.0833,98.2,33.45,40,86,3.4,MM,1704606327
535,tocopilla,-22.092,-70.1979,19.52,83,62,4.26,CL,1704606328
536,maraba,-5.3686,-49.1178,25.1,88,0,0.0,BR,1704606328
537,aketi,2.7388,23.7833,22.44,44,8,0.79,CD,1704606328
538,dunedin,-45.8742,170.5036,12.67,91,53,1.79,NZ,1704606328
539,tangalle,6.024,80.7911,30.09,69,62,3.39,LK,1704606328
540,north bondi,-33.8824,151.2769,30.19,68,75,11.32,AU,1704606329
541,okha,53.5739,142.9478,-24.54,91,28,4.34,RU,1704606329
542,muynoq,43.7683,59.0214,4.52,87,100,10.49,UZ,1704606329
543,benghazi,32.1167,20.0667,16.3,59,42,9.32,LY,1704606330
544,port clinton,41.512,-82.9377,1.1,96,100,3.09,US,1704606330
545,novodvinsk,64.4165,40.8122,-14.14,99,88,2.43,RU,1704606330
546,tamala,52.541,43.2515,-17.96,98,98,3.39,RU,1704606331
547,vila do maio,15.1333,-23.2167,21.44,71,0,3.18,CV,1704606331
548,hongqiao,26.7684,112.1081,11.77,73,100,1.23,CN,1704606331
549,nicoya,10.1483,-85.452,22.81,88,44,1.4,CR,1704606331
550,north platte,41.1239,-100.7654,-9.06,79,0,0.0,US,1704606332
551,ulanhot,46.0833,122.0833,-15.11,59,0,2.52,CN,1704606332
552,kununurra,-15.7667,128.7333,30.99,66,90,1.54,AU,1704606079
553,nephi,39.7102,-111.8363,-0.81,85,100,3.28,US,1704606332
554,khamis mushait,18.3064,42.7292,14.58,62,0,0.0,SA,1704606333
555,menongue,-14.6585,17.691,18.8,95,100,1.62,AO,1704606333
556,karpinsk,59.7654,60.0085,-20.42,98,100,1.92,RU,1704606333
557,daru,-9.0763,143.2092,26.63,91,95,0.3,PG,1704606333
558,bahia honda,22.9036,-83.1592,24.56,87,3,3.73,CU,1704606334
559,hilo,19.7297,-155.09,21.85,96,40,2.06,US,1704606334
560,mormugao,15.4,73.8,28.91,52,86,2.81,IN,1704606334
561,kutum,14.2,24.6667,13.65,25,2,2.65,SD,1704606334
562,giyani,-23.3025,30.7187,26.96,52,11,0.53,ZA,1704606335
563,mumbwa,-14.9783,27.0619,20.68,87,25,3.23,ZM,1704606335
564,lae,-6.7221,146.9847,35.37,73,99,2.02,PG,1704606335
565,casas grandes,30.3667,-107.95,2.79,19,0,2.23,MX,1704606335
566,talakan,50.3167,130.3667,-20.59,88,100,1.8,RU,1704606335
567,nykobing falster,54.7691,11.8743,-3.82,87,85,1.79,DK,1704606336
568,corowa,-36.0333,146.3833,21.99,90,100,4.96,AU,1704606336
569,borkum,53.5809,6.6915,1.97,73,100,10.74,DE,1704606153
570,pasuquin,18.3328,120.6177,28.97,58,20,3.6,PH,1704606337
571,dazhou,31.2159,107.5009,11.11,91,100,1.88,CN,1704606337
572,raduzhny,62.0961,77.475,-27.69,98,68,4.31,RU,1704606337
573,odienne,9.51,-7.5692,20.97,21,100,1.56,CI,1704606337
574,canavieiras,-15.675,-38.9472,24.87,95,99,1.35,BR,1704606338
575,at taj,24.2049,23.2857,14.25,23,15,3.55,LY,1704606338
576,pemba,-12.974,40.5178,26.39,100,75,2.68,MZ,1704606338
577,bairnsdale,-37.8333,147.6167,23.6,67,100,1.95,AU,1704606339
578,hilton head island,32.2163,-80.7526,13.32,82,0,1.54,US,1704606159
579,pemangkat,1.1667,108.9667,27.63,80,95,3.85,ID,1704606147
580,sao jose do egito,-7.4789,-37.2744,21.57,75,16,2.3,BR,1704606196
581,kapuskasing,49.4169,-82.4331,-12.95,85,100,4.12,CA,1704606340
582,semera,11.501,41.201,22.79,47,82,4.53,ET,1704606340
583,roses,42.262,3.1769,9.5,58,29,7.6,ES,1704606340
584,hastings,50.8552,0.5729,2.96,71,50,5.67,GB,1704606340
